{"cameraMode":{"drawMode":0,"name":"Shaded","section":"Shading Mode"},"sceneLighting":false,"audioPlay":false,"sceneViewState":{"m_AlwaysRefresh":false,"showFog":true,"showSkybox":true,"showFlares":true,"showImageEffects":true,"showParticleSystems":true,"showVisualEffectGraphs":true,"m_FxEnabled":true},"in2DMode":false,"pivot":{"x":-0.9590630531311035,"y":-0.008358120918273926,"z":1.1919841766357422},"rotation":{"x":0.09556268155574799,"y":-0.15797288715839387,"z":0.015168176963925362,"w":0.9828398823738098},"size":4.180455684661865,"orthographic":false}