{"cameraMode":{"drawMode":0,"name":"Shaded","section":"Shading Mode"},"sceneLighting":true,"audioPlay":false,"sceneViewState":{"m_AlwaysRefresh":false,"showFog":true,"showSkybox":true,"showFlares":true,"showImageEffects":true,"showParticleSystems":true,"showVisualEffectGraphs":true,"m_FxEnabled":true},"in2DMode":false,"pivot":{"x":-1.9141621589660645,"y":-0.013020362704992295,"z":-1.5615668296813965},"rotation":{"x":0.12274134159088135,"y":0.8667871952056885,"z":-0.26187020540237429,"w":0.4062632620334625},"size":19.2269344329834,"orthographic":false}