{"cameraMode":{"drawMode":0,"name":"Shaded","section":"Shading Mode"},"sceneLighting":false,"audioPlay":false,"sceneViewState":{"m_AlwaysRefresh":false,"showFog":true,"showSkybox":true,"showFlares":true,"showImageEffects":true,"showParticleSystems":true,"showVisualEffectGraphs":true,"m_FxEnabled":true},"in2DMode":false,"pivot":{"x":-37.80778503417969,"y":-68.98910522460938,"z":126.43936157226563},"rotation":{"x":0.22914732992649079,"y":-0.13273435831069947,"z":0.031580232083797458,"w":0.9639188647270203},"size":97.55729675292969,"orthographic":false}