{"cameraMode":{"drawMode":0,"name":"Shaded","section":"Shading Mode"},"sceneLighting":true,"audioPlay":false,"sceneViewState":{"m_AlwaysRefresh":false,"showFog":true,"showSkybox":true,"showFlares":true,"showImageEffects":true,"showParticleSystems":true,"showVisualEffectGraphs":true,"m_FxEnabled":true},"in2DMode":false,"pivot":{"x":-23.23172378540039,"y":0.28154897689819338,"z":0.5508744716644287},"rotation":{"x":0.33530429005622866,"y":0.01893620193004608,"z":-0.006741149816662073,"w":0.9418962001800537},"size":12.218563079833985,"orthographic":false}